{"cameraMode":{"drawMode":0,"name":"Shaded","section":"Shading Mode"},"sceneLighting":true,"audioPlay":false,"sceneViewState":{"showFog":false,"showMaterialUpdate":false,"showSkybox":false,"showFlares":false,"showImageEffects":false,"showParticleSystems":false},"in2DMode":false,"pivot":{"x":18.57781219482422,"y":20.139907836914064,"z":-41.12214279174805},"rotation":{"x":0.051890671253204349,"y":-0.8836110830307007,"z":0.10090760886669159,"w":0.4543081223964691},"size":34.89012145996094,"orthographic":false}